{
  "cognito": {
    "poolId": "us-east-1:06de3a58-1e89-4048-95bc-0d8cbd750d37",
    "appUserPoolClientId": "",
    "appUserPoolName": "",
    "appDomainName": "",
    "appUserPoolIdentityProvider": ""
  },
  "lex": {
    "botName": "OrderFlowers",
    "botAlias": "$LATEST",
    "initialText": "",
    "initialSpeechInstruction": "",
    "reInitSessionAttributesOnRestart": false
  },
  "ui": {
    "parentOrigin": "",
    "toolbarTitle": "Mona",
    "toolbarLogo": "",
    "positiveFeedbackIntent": "",
    "negativeFeedbackIntent": "",
    "helpIntent": "",
    "enableLogin": false,
    "AllowSuperDangerousHTMLInMessage": true,
    "shouldDisplayResponseCardTitle": false,
    "pushInitialTextOnRestart": true,
    "directFocusToBotInput": false,
    "showDialogStateIcon": false
  },
  "iframe": {
    "iframeOrigin": "",
    "shouldLoadIframeMinimized": false,
    "iframeSrcPath": "/index.html#/?lexWebUiEmbed=true"
  }
}